alg,run,PAPI_L1_DCM,PAPI_L1_ICM,PAPI_L2_DCM,PAPI_L2_ICM,PAPI_L1_TCM,PAPI_L2_TCM,PAPI_CA_SHR,PAPI_CA_CLN,PAPI_CA_ITV,PAPI_TLB_DM,PAPI_TLB_IM,PAPI_L1_LDM,PAPI_L1_STM,PAPI_L2_LDM,PAPI_L2_STM,PAPI_HW_INT,PAPI_BR_CN,PAPI_BR_TKN,PAPI_BR_NTK,PAPI_BR_MSP,PAPI_BR_PRC,PAPI_TOT_IIS,PAPI_TOT_INS,PAPI_FP_INS,PAPI_LD_INS,PAPI_SR_INS,PAPI_BR_INS,PAPI_VEC_INS,PAPI_RES_STL,PAPI_TOT_CYC,PAPI_L1_DCH,PAPI_L1_DCA,PAPI_L2_DCA,PAPI_L2_DCR,PAPI_L2_DCW,PAPI_L1_ICH,PAPI_L2_ICH,PAPI_L1_ICA,PAPI_L2_ICA,PAPI_L2_TCH,PAPI_L1_TCA,PAPI_L2_TCA,PAPI_L2_TCR,PAPI_L2_TCW,PAPI_FML_INS,PAPI_FDV_INS,PAPI_FP_OPS,PAPI_SP_OPS,PAPI_DP_OPS,PAPI_VEC_SP,PAPI_VEC_DP,PAPI_REF_CYC,timejacobi-2d,0,38409,62,0,0,3136524,0,430,46,0,8721,58,7122239,1558206,-1554773,1554773,29,12511512,12459269,50007,50022,12461507,787760723,778774491,136210889,333653120,24825900,12551834,0,171491160,387523650,379833712,379872121,8680445,7122239,1558206,383997290,1707,383997352,1707,0,763869473,0,7123946,1558206,0,0,136210889,136210889,136210889,0,0,0,118.826000
jacobi-2d,1,9563159,1383,142726,46,9634529,142772,1433,572,0,151899,278,21992966,4801367,-4650625,4793397,120,38573948,38429011,105263,105453,38468486,2439609616,2415112071,422632426,1035635604,76856068,38787454,0,533109409,1199401208,1168716547,1178279706,26794333,21992966,4801367,1193884138,1426,1193885521,1472,26784075,2372165227,26926847,21994438,4801367,269479178,0,422632426,422632426,422632426,0,0,1192941162,364.780000
